{"cameraMode":{"drawMode":0,"name":"Shaded","section":"Shading Mode"},"sceneLighting":true,"audioPlay":false,"sceneViewState":{"m_AlwaysRefresh":false,"showFog":true,"showSkybox":true,"showFlares":true,"showImageEffects":true,"showParticleSystems":true,"showVisualEffectGraphs":true,"m_FxEnabled":true},"in2DMode":false,"pivot":{"x":-0.25201424956321719,"y":1.5248180627822877,"z":1.1568214893341065},"rotation":{"x":0.013758949004113675,"y":0.9795003533363342,"z":-0.18753361701965333,"w":0.07246080040931702},"size":0.24821147322654725,"orthographic":false}