{"cameraMode":{"drawMode":0,"name":"Shaded","section":"Shading Mode"},"sceneLighting":true,"audioPlay":false,"sceneViewState":{"m_AlwaysRefresh":false,"showFog":true,"showSkybox":true,"showFlares":true,"showImageEffects":true,"showParticleSystems":true,"showVisualEffectGraphs":true,"m_FxEnabled":true},"in2DMode":false,"pivot":{"x":-0.32049670815467837,"y":1.121687412261963,"z":-1.0961802005767823},"rotation":{"x":-0.010973289608955384,"y":0.9886939525604248,"z":-0.11802200973033905,"w":-0.0919116958975792},"size":1.1955640316009522,"orthographic":false}